country_code,place_name,cluster_repr
ETH,ARSI,ARSI
ETH,ARSSI,ARSI
ETH,TIGRAY,TIGRAY
ETH,TIGIRAY,TIGRAY
ETH,SHIRE,SHIRE
ETH,SIRE,SHIRE
ETH,SHIRIE,SHIRE
ETH,KATA,KATA
ETH,KAFTA,KATA
ETH,HOSSAENA,HOSSAENA
ETH,HOSANA,HOSSAENA
ETH,HOSSANA,HOSSAENA
ETH,HOSSAHNA,HOSSAENA
ETH,ADDIS ABABA,ADDIS ABABA
ETH,ADDIS ABEBA,ADDIS ABABA
ETH,ASELA,ASELA
ETH,ASSELA,ASELA
ETH,ASELLA,ASELA
ETH,DEBREZEIT,DEBREZEIT
ETH,DEBREZIET,DEBREZEIT
ETH,DEBRE ZEIT,DEBREZEIT
ETH,DEBRE ZIT,DEBREZEIT
ETH,DEBREZEYT,DEBREZEIT
ETH,SHOA,SHOA
ETH,SHOWA,SHOA
ETH,MOJO,MOJO
ETH,MODJO,MOJO
ETH,EAST WOLLEGA,EAST WOLLEGA
ETH,WEST WOLLEGA,EAST WOLLEGA
ETH,GUNCHIRE,GUNCHIRE
ETH,GUNCHRE,GUNCHIRE
ETH,GUNCHERE,GUNCHIRE
ETH,DEJEN,DEJEN
ETH,DEJJEN,DEJEN
ETH,NORTH SHOA,NORTH SHOA
ETH,NORTH SHEWA,NORTH SHOA
ETH,BISHOFTU,BISHOFTU
ETH,BISHEFTU,BISHOFTU
ETH,DEBREBIRHAN,DEBREBIRHAN
ETH,DEBREBRHAN,DEBREBIRHAN
ETH,DEBRE BRHAN,DEBREBIRHAN
ETH,DEBRE BIRHAN,DEBREBIRHAN
ETH,DEBREBREHAN,DEBREBIRHAN
ETH,DIRE DAWA,DIRE DAWA
ETH,DIREDAWA,DIRE DAWA
ETH,DOYO GENA,DOYO GENA
ETH,DOYOGENA,DOYO GENA
ETH,GIMBCHU,GIMBCHU
ETH,GIMBICHU,GIMBCHU
ETH,WADLA,WADLA
ETH,WADA,WADLA
ETH,TACH ARMACHIHO,TACH ARMACHIHO
ETH,TACHARMACHIHO,TACH ARMACHIHO
ETH,ADAMITULU,ADAMITULU
ETH,ADAMI TULU,ADAMITULU
ETH,WOLAITA,WOLAITA
ETH,WOLAYTA,WOLAITA
ETH,WOLAYITA,WOLAITA
ETH,WOALITA,WOLAITA
ETH,JIMMA,JIMMA
ETH,JIMA,JIMMA
ETH,HAWASSA,HAWASSA
ETH,HAWASA,HAWASSA
ETH,AWASSA,HAWASSA
ETH,HADERO,HADERO
ETH,HADER,HADERO
ETH,NORTH WOLO,NORTH WOLO
ETH,NORTH WOLLO,NORTH WOLO
ETH,JIDA,JIDA
ETH,JIDDA,JIDA
ETH,ARSINEGELE,ARSINEGELE
ETH,ARSI NEGELE,ARSINEGELE
ETH,WOLISO,WOLISO
ETH,WOLLISO,WOLISO
ETH,GONDER,GONDER
ETH,GODER,GONDER
ETH,WELDIYA,WELDIYA
ETH,WOLDIYA,WELDIYA
ETH,NEKEMTE,NEKEMTE
ETH,NEKEMT,NEKEMTE
ETH,JIJIGA,JIJIGA
ETH,JIGJIGA,JIJIGA
ETH,DESSIE,DESSIE
ETH,DESSE,DESSIE
ETH,ASHEKUBEGA,ASHEKUBEGA
ETH,ASHE KUBEGA,ASHEKUBEGA
ETH,TULU BOLO,TULU BOLO
ETH,TULUBOLO,TULU BOLO
ETH,FICHE,FICHE
ETH,FITCHE,FICHE
ETH,WEST GOJJAM,WEST GOJJAM
ETH,EAST GOJJAM,WEST GOJJAM
ETH,EAST GOJAM,WEST GOJJAM
ETH,GAYENT,GAYENT
ETH,GAYNT,GAYENT
ETH,AGENA,AGENA
ETH,GENA,AGENA
ETH,NAZRETH,NAZRETH
ETH,NAZARETH,NAZRETH
ETH,NAZRET,NAZRETH
ETH,GIMJABET,GIMJABET
ETH,SIMJABET,GIMJABET
ETH,DILLA,DILLA
ETH,DILA,DILLA
ETH,BUTAJRA,BUTAJRA
ETH,BUTAJIRA,BUTAJRA
ETH,BAHIR DAR,BAHIR DAR
ETH,BAHIRDAR,BAHIR DAR
ETH,ADABA,ADABA
ETH,ADAA,ADABA
ETH,HARAR,HARAR
ETH,HARARO,HARAR
ETH,FINOTE SELAM,FINOTE SELAM
ETH,FINOTESELAM,FINOTE SELAM
ETH,MEKELE,MEKELE
ETH,MEKELLE,MEKELE
ETH,DEMBI,DEMBI
ETH,DEMBIA,DEMBI
ETH,DEBRETABOR,DEBRETABOR
ETH,DEBRE TABOR,DEBRETABOR
ETH,GOJJAM,GOJJAM
ETH,GOJAM,GOJJAM
ETH,ELEMO,ELEMO
ETH,LEMO,ELEMO
ETH,GULEMEKEDA,GULEMEKEDA
ETH,GULOMEKEDA,GULEMEKEDA
ETH,WOLIDIYA,WOLIDIYA
ETH,WOLDIA,WOLIDIYA
ETH,HALABA,HALABA
ETH,ALABA,HALABA
ETH,WELLEGA,WELLEGA
ETH,WOLLEGA,WELLEGA
ETH,WELEGA,WELLEGA
ETH,GEDEO,GEDEO
ETH,GEDO,GEDEO
ETH,BATILEJANA,BATILEJANA
ETH,BATILEJANO,BATILEJANA
ETH,BATI LEJANA,BATILEJANA
ETH,BATI LEJANO,BATILEJANA
ETH,WONDOGENET,WONDOGENET
ETH,WONDO GENET,WONDOGENET
ETH,WENDOGENET,WONDOGENET
ETH,OLANKOMI,OLANKOMI
ETH,OLENKOMI,OLANKOMI
ETH,WUKRO,WUKRO
ETH,WUKIRO,WUKRO
ETH,GELANGUDA,GELANGUDA
ETH,GELAN GUDA,GELANGUDA
ETH,HAGERESELAM,HAGERESELAM
ETH,HAGERE SELAM,HAGERESELAM
ETH,ALIGE,ALIGE
ETH,ALGE,ALIGE
ETH,MINJAR,MINJAR
ETH,MINJARO,MINJAR
ETH,WEREILU,WEREILU
ETH,WOREILU,WEREILU
ETH,SHASHEMENE,SHASHEMENE
ETH,SHASHAMENE,SHASHEMENE
ETH,KOREM,KOREM
ETH,KORE,KOREM
ETH,WOLMERA,WOLMERA
ETH,WELMERA,WOLMERA
ETH,DERAGOT,DERAGOT
ETH,DEBAGOT,DERAGOT
ETH,WEST SHEWA,WEST SHEWA
ETH,EAST SHEWA,WEST SHEWA
ETH,HABE,HABE
ETH,SHABE,HABE
ETH,BECHOK,BECHOK
ETH,BECHO,BECHOK
ETH,BULBULA,BULBULA
ETH,BULBULO,BULBULA
ETH,WONJISHOA,WONJISHOA
ETH,WENJISHOA,WONJISHOA
ETH,ANENO SHISHO,ANENO SHISHO
ETH,ANANO SHISHO,ANENO SHISHO
ETH,ESTE,ESTE
ETH,ESTIE,ESTE
ETH,WELO,WELO
ETH,WELLO,WELO
ETH,WOLAYITA SODO,WOLAYITA SODO
ETH,WOLAITA SODO,WOLAYITA SODO
ETH,ARBAMINCH,ARBAMINCH
ETH,ARBA MINCH,ARBAMINCH
ETH,ARBAMINCHI,ARBAMINCH
ETH,ABOMSA,ABOMSA
ETH,ABOSA,ABOMSA
ETH,BEKOJI,BEKOJI
ETH,BEKOJ,BEKOJI
ETH,MENJAR,MENJAR
ETH,ENJAR,MENJAR
ETH,ETHIOPIA,ETHIOPIA
ETH,ETHIOPIAN,ETHIOPIA
ETH,KEMBATA,KEMBATA
ETH,KEBATA,KEMBATA
ETH,WEREBABO,WEREBABO
ETH,WOREBABO,WEREBABO
IND,ALAPPUZHA KERALA,ALAPPUZHA KERALA
IND,MALAPPURAM KERALA,ALAPPUZHA KERALA
IND,KOLLAM KERALA,KOLLAM KERALA
IND,KOLLADA KERALA,KOLLAM KERALA
IND,SURAPAGUDEM ANDHRA PRADESH,SURAPAGUDEM ANDHRA PRADESH
IND,SURAMPUDI ANDHRA PRADESH,SURAPAGUDEM ANDHRA PRADESH
IND,HARIPPAD KERALA,HARIPPAD KERALA
IND,HARIPAD KERALA,HARIPPAD KERALA
IND,RIKHAR BIHAR,RIKHAR BIHAR
IND,BIHAR BIHAR,RIKHAR BIHAR
IND,ARIPALAM KERALA,ARIPALAM KERALA
IND,ERANHIPALAM KERALA,ARIPALAM KERALA
IND,ARALAN KERALA,ARIPALAM KERALA
IND,PEVE MAHARASHTRA,PEVE MAHARASHTRA
IND,PUNE MAHARASHTRA,PEVE MAHARASHTRA
IND,KAMPTEE MAHARASHTRA,PEVE MAHARASHTRA
IND,MUMBAI MAHARASHTRA,MUMBAI MAHARASHTRA
IND,NAVI MUMBAI MAHARASHTRA,MUMBAI MAHARASHTRA
IND,KALLEKULAM KERALA,KALLEKULAM KERALA
IND,KALLUMALA KERALA,KALLEKULAM KERALA
IND,KOZHENCHERRY KERALA,KOZHENCHERRY KERALA
IND,KOZHANCHERRY KERALA,KOZHENCHERRY KERALA
IND,BAL PUNJAB,BAL PUNJAB
IND,BORA PUNJAB,BAL PUNJAB
IND,BENGALURU KARNATAKA,BENGALURU KARNATAKA
IND,MANGALURU KARNATAKA,BENGALURU KARNATAKA
IND,BELUR KARNATAKA,BENGALURU KARNATAKA
IND,MANNAR KERALA,MANNAR KERALA
IND,KANNUR KERALA,MANNAR KERALA
IND,MANGAD KERALA,MANNAR KERALA
IND,MANNARKKAD KERALA,MANNAR KERALA
IND,KOOTHALI KERALA,KOOTHALI KERALA
IND,KOTHAD KERALA,KOOTHALI KERALA
IND,SIMULBARI DARJEELING WEST BENGAL,SIMULBARI DARJEELING WEST BENGAL
IND,MIRIK DARJEELING WEST BENGAL,SIMULBARI DARJEELING WEST BENGAL
IND,CHENNAI TAMIL NADU,CHENNAI TAMIL NADU
IND,THENI TAMIL NADU,CHENNAI TAMIL NADU
IND,GUDUR ANDHRA PRADESH,GUDUR ANDHRA PRADESH
IND,UNDI ANDHRA PRADESH,GUDUR ANDHRA PRADESH
IND,GONDI ANDHRA PRADESH,GUDUR ANDHRA PRADESH
IND,AINAPURAM ANDHRA PRADESH,AINAPURAM ANDHRA PRADESH
IND,MALIKIPURAM ANDHRA PRADESH,AINAPURAM ANDHRA PRADESH
IND,NARSAPURAM ANDHRA PRADESH,AINAPURAM ANDHRA PRADESH
IND,KAKINADA ANDHRA PRADESH,AINAPURAM ANDHRA PRADESH
IND,NARASAPURAM ANDHRA PRADESH,AINAPURAM ANDHRA PRADESH
IND,NARSAPUR ANDHRA PRADESH,AINAPURAM ANDHRA PRADESH
IND,KOTHAMANGALAM KERALA,KOTHAMANGALAM KERALA
IND,KAIPAMANGALAM KERALA,KOTHAMANGALAM KERALA
IND,VALIATHURA KERALA,VALIATHURA KERALA
IND,PALLITHURA KERALA,VALIATHURA KERALA
IND,KALANAUR PUNJAB,KALANAUR PUNJAB
IND,KALYAN PUNJAB,KALANAUR PUNJAB
IND,KODUNGALLUR KERALA,KODUNGALLUR KERALA
IND,KODUGALLUR KERALA,KODUNGALLUR KERALA
IND,NADALA PUNJAB,NADALA PUNJAB
IND,WADALA PUNJAB,NADALA PUNJAB
IND,GODILANKA ANDHRA PRADESH,GODILANKA ANDHRA PRADESH
IND,PEDALANKA ANDHRA PRADESH,GODILANKA ANDHRA PRADESH
IND,RAMESWARAM ANDHRA PRADESH,RAMESWARAM ANDHRA PRADESH
IND,RAJAVARAM ANDHRA PRADESH,RAMESWARAM ANDHRA PRADESH
IND,RAZOLE ANDHRA PRADESH,RAZOLE ANDHRA PRADESH
IND,RYALI ANDHRA PRADESH,RAZOLE ANDHRA PRADESH
IND,WAYANAD KERALA,WAYANAD KERALA
IND,PAYANGADI KERALA,WAYANAD KERALA
IND,ALUVA KERALA,ALUVA KERALA
IND,MALA KERALA,ALUVA KERALA
IND,KATTOOR KERALA,KATTOOR KERALA
IND,KOTTIYOOR KERALA,KATTOOR KERALA
IND,ALOOR KERALA,KATTOOR KERALA
IND,MATTOOL KERALA,KATTOOR KERALA
IND,ADOOR KERALA,KATTOOR KERALA
IND,TADEPALLIGUDEM ANDHRA PRADESH,TADEPALLIGUDEM ANDHRA PRADESH
IND,TADIPALLI ANDHRA PRADESH,TADEPALLIGUDEM ANDHRA PRADESH
IND,HARDASPUR PUNJAB,HARDASPUR PUNJAB
IND,ADAMPUR PUNJAB,HARDASPUR PUNJAB
IND,COCHIN KERALA,COCHIN KERALA
IND,KOCHI KERALA,COCHIN KERALA
IND,AROOR KARNATAKA,AROOR KARNATAKA
IND,KAROOR KARNATAKA,AROOR KARNATAKA
IND,KARKALA KARNATAKA,KARKALA KARNATAKA
IND,KARVAR KARNATAKA,KARKALA KARNATAKA
IND,KAYAMKULAM KERALA,KAYAMKULAM KERALA
IND,KUNNAMKULAM KERALA,KAYAMKULAM KERALA
IND,KHALWARA PUNJAB,KHALWARA PUNJAB
IND,PHAGWARA PUNJAB,KHALWARA PUNJAB
IND,BADAGARA KERALA,BADAGARA KERALA
IND,NADAYARA KERALA,BADAGARA KERALA
IND,SIKAR RAJASTHAN,SIKAR RAJASTHAN
IND,BIKANER RAJASTHAN,SIKAR RAJASTHAN
IND,KOLATHUR TAMIL NADU,KOLATHUR TAMIL NADU
IND,V KALATHUR TAMIL NADU,KOLATHUR TAMIL NADU
IND,PUNALUR KERALA,PUNALUR KERALA
IND,PULLUR KERALA,PUNALUR KERALA
IND,PUDUKKOTTAI TAMIL NADU,PUDUKKOTTAI TAMIL NADU
IND,PATTUKKOTTAI TAMIL NADU,PUDUKKOTTAI TAMIL NADU
IND,PAKHOWAL PUNJAB,PAKHOWAL PUNJAB
IND,NATHOWAL PUNJAB,PAKHOWAL PUNJAB
IND,ARUKALIKKAL EAST KERALA,ARUKALIKKAL EAST KERALA
IND,ARUKALIKKAL KERALA,ARUKALIKKAL EAST KERALA
IND,KODIBAIL KERALA,KODIBAIL KERALA
IND,KODALY KERALA,KODIBAIL KERALA
IND,KOLHAPUR MAHARASHTRA,KOLHAPUR MAHARASHTRA
IND,SOLAPUR MAHARASHTRA,KOLHAPUR MAHARASHTRA
IND,SHRINGERI KARNATAKA,SHRINGERI KARNATAKA
IND,SRINGERI KARNATAKA,SHRINGERI KARNATAKA
IND,PUTTADY KERALA,PUTTADY KERALA
IND,POTTA KERALA,PUTTADY KERALA
IND,KHAMGAON MAHARASHTRA,KHAMGAON MAHARASHTRA
IND,MALEGAON MAHARASHTRA,KHAMGAON MAHARASHTRA
IND,JAKHANGAON MAHARASHTRA,KHAMGAON MAHARASHTRA
IND,KALAVAPUDI ANDHRA PRADESH,KALAVAPUDI ANDHRA PRADESH
IND,MALLIPUDI ANDHRA PRADESH,KALAVAPUDI ANDHRA PRADESH
IND,MANSA PUNJAB,MANSA PUNJAB
IND,MALSIAN PUNJAB,MANSA PUNJAB
IND,PUTHURUTHY KERALA,PUTHURUTHY KERALA
IND,ELATHURUTHY KERALA,PUTHURUTHY KERALA
IND,ADDALAPALEM ANDHRA PRADESH,ADDALAPALEM ANDHRA PRADESH
IND,KADAPA ANDHRA PRADESH,ADDALAPALEM ANDHRA PRADESH
IND,MANASSERY KERALA,MANASSERY KERALA
IND,THALASSERY KERALA,MANASSERY KERALA
IND,KUTTA KARNATAKA,KUTTA KARNATAKA
IND,HUTTI KARNATAKA,KUTTA KARNATAKA
IND,CHERANALLOOR KERALA,CHERANALLOOR KERALA
IND,ERANOOR KERALA,CHERANALLOOR KERALA
IND,KOTTARAKARA KERALA,KOTTARAKARA KERALA
IND,KOTTARAKKARA KERALA,KOTTARAKARA KERALA
IND,MOGA PUNJAB,MOGA PUNJAB
IND,GHOGA PUNJAB,MOGA PUNJAB
IND,BADAMI KARNATAKA,BADAMI KARNATAKA
IND,BALLARI KARNATAKA,BADAMI KARNATAKA
IND,ALIGARH UTTAR PRADESH,ALIGARH UTTAR PRADESH
IND,BALLIA UTTAR PRADESH,ALIGARH UTTAR PRADESH
IND,ANIKAD KERALA,ANIKAD KERALA
IND,AICKAD KERALA,ANIKAD KERALA
IND,KASARAGOD KERALA,KASARAGOD KERALA
IND,KASARGOD KERALA,KASARAGOD KERALA
IND,MANAPAD TAMIL NADU,MANAPAD TAMIL NADU
IND,MANAPPARAI TAMIL NADU,MANAPAD TAMIL NADU
IND,KALWARI MADHYA PRADESH,KALWARI MADHYA PRADESH
IND,KHANDWA MADHYA PRADESH,KALWARI MADHYA PRADESH
KEN,KAKAMEGA,KAKAMEGA
KEN,KAKAMENGA,KAKAMEGA
KEN,MURANGA,MURANGA
KEN,MURANG A,MURANGA
KEN,THIKA EAST,THIKA EAST
KEN,THIKA WEST,THIKA EAST
KEN,LAIKIPIA EAST,LAIKIPIA EAST
KEN,LAIKIPIA WEST,LAIKIPIA EAST
KEN,LAIKIPIA EAST KEN,LAIKIPIA EAST
KEN,MURANG A EAST,MURANG A EAST
KEN,MURANGA EAST,MURANG A EAST
KEN,KISII CENTRAL KEN,KISII CENTRAL KEN
KEN,KISII CENTRAL,KISII CENTRAL KEN
KEN,NAKURU NORTH,NAKURU NORTH
KEN,NAKURU NORTH KEN,NAKURU NORTH
KEN,KAKAMEGA CENTRAL KEN,KAKAMEGA CENTRAL KEN
KEN,KAKAMEGA CENTRAL,KAKAMEGA CENTRAL KEN
KEN,MERU CENTRAL,MERU CENTRAL
KEN,MERU CENTRAL KEN,MERU CENTRAL
KEN,SIAYA KEN,SIAYA KEN
KEN,SAIYA KEN,SIAYA KEN
KEN,TAITA TAVETA,TAITA TAVETA
KEN,TAITA TAVETA KEN,TAITA TAVETA
KEN,KISUMU EAST,KISUMU EAST
KEN,KISUMU WEST,KISUMU EAST
KEN,KISUMU EAST KEN,KISUMU EAST
KEN,MURANG A SOUTH,MURANG A SOUTH
KEN,MURANGA SOUTH,MURANG A SOUTH
KEN,ELDORET WEST KEN,ELDORET WEST KEN
KEN,ELDORET WEST,ELDORET WEST KEN
KEN,UASIN GISHU,UASIN GISHU
KEN,UASIN GISHU KEN,UASIN GISHU
KEN,KIAMBU WEST,KIAMBU WEST
KEN,KIAMBU EAST,KIAMBU WEST
KEN,NYANDARUA NORTH,NYANDARUA NORTH
KEN,NYANDARUA SOUTH,NYANDARUA NORTH
KEN,NYANDAHUA NORTH,NYANDARUA NORTH
KEN,MURANGA KEN,MURANGA KEN
KEN,MURANG A KEN,MURANGA KEN
KEN,TRANS NZOIA WEST,TRANS NZOIA WEST
KEN,TRANS NZOIA EAST,TRANS NZOIA WEST
KEN,TRANS NZOIA WEST KEN,TRANS NZOIA WEST
KEN,TRANSNZOIA WEST KEN,TRANS NZOIA WEST
KEN,TRANS NZOIA,TRANS NZOIA
KEN,TRANS NZOIA KEN,TRANS NZOIA
KEN,NYERI CENTRAL,NYERI CENTRAL
KEN,NYERI CENTRAL KEN,NYERI CENTRAL
KEN,KWALEKEN,KWALEKEN
KEN,KWALE KEN,KWALEKEN
KEN,NYANDARUA KENYA,NYANDARUA KENYA
KEN,NYANDARUA KEN,NYANDARUA KENYA
KEN,MURANGA NORTH KEN,MURANGA NORTH KEN
KEN,MURANGA NORTH,MURANGA NORTH KEN
KEN,MATHIRA EAST KEN,MATHIRA EAST KEN
KEN,MATHIRA EAST,MATHIRA EAST KEN
LKA,WELLAWATTE,WELLAWATTE
LKA,WELLAWATTA,WELLAWATTE
LKA,KALUTHARA,KALUTHARA
LKA,KALUTARA,KALUTHARA
LKA,HAMBANTOTA,HAMBANTOTA
LKA,HAMBANTHOTA,HAMBANTOTA
LKA,AMBALANTOTA,HAMBANTOTA
LKA,UWAKELE WATTA,UWAKELE WATTA
LKA,UWAKALE WATHTHA,UWAKELE WATTA
MDG,BEFELATANANA ANTANANARIVO,BEFELATANANA ANTANANARIVO
MDG,BEFELATANANA ANTANANARIVO IV,BEFELATANANA ANTANANARIVO
MMN,THABAUNG,THABAUNG
MMN,THARBAUNG,THABAUNG
NPL,NAWALPARASI EAST,NAWALPARASI EAST
NPL,NAWALPARASI  WEST,NAWALPARASI EAST
NPL,NAWALPARASI WEST,NAWALPARASI EAST
NPL,NAWALPARASI  EAST,NAWALPARASI EAST
NPL,NAWALPARASI (WEST),NAWALPARASI EAST
NPL,PALPA,PALPA
NPL,PALPAL,PALPA
NPL,KAILAL,KAILAL
NPL,KAILALI,KAILAL
PAK,DERA GHAZI KHAN,DERA GHAZI KHAN
PAK,DERA GHAZI KHAN PAK,DERA GHAZI KHAN
PHL,DAGUPAN CITY,DAGUPAN CITY
PHL,DAGUPAN CI,DAGUPAN CITY
PHL,STO TOMAS DAVAO,STO TOMAS DAVAO
PHL,STO TOMAS DAVAD,STO TOMAS DAVAO
PHL,STO TOMAS DVO,STO TOMAS DAVAO
PHL,BASEY W SAMAR,BASEY W SAMAR
PHL,BASEY SAMAR,BASEY W SAMAR
PHL,GUIMBA N ECIJA,GUIMBA N ECIJA
PHL,GUIMBA NUEVA ECIJA,GUIMBA N ECIJA
PHL,G GENEROSO DV OR,G GENEROSO DV OR
PHL,G GENEROSO DVO OR,G GENEROSO DV OR
PHL,SAN PASCUAL MBT,SAN PASCUAL MBT
PHL,SAN PASCUAL BTS,SAN PASCUAL MBT
PHL,SN FERNANDO CEBU,SN FERNANDO CEBU
PHL,SAN FERNANDO CEBU,SN FERNANDO CEBU
PHL,KUMALARANG ZDS,KUMALARANG ZDS
PHL,KUMALARANG ZAM DS,KUMALARANG ZDS
PHL,MATALAM NO COT,MATALAM NO COT
PHL,MATALAM N COT,MATALAM NO COT
PHL,MATALAM COT,MATALAM NO COT
PHL,STO DOMINGO NE,STO DOMINGO NE
PHL,STO DOMINGO IS,STO DOMINGO NE
PHL,NABUNTURAN DDN,NABUNTURAN DDN
PHL,NABUNTURAN DON,NABUNTURAN DDN
PHL,GARCHITORENA CAM,GARCHITORENA CAM
PHL,GARCHITORENA C S,GARCHITORENA CAM
PHL,TAGBILARAN CITY,TAGBILARAN CITY
PHL,TAGBILARAN CITY BHL,TAGBILARAN CITY
PHL,DAVAO CITY,DAVAO CITY
PHL,DAVAD CITY,DAVAO CITY
PHL,DANAO CITY,DAVAO CITY
PHL,KAUSWAGAN LDN,KAUSWAGAN LDN
PHL,KAUSMAGAN LDN,KAUSWAGAN LDN
PHL,BALANGA BATAAN,BALANGA BATAAN
PHL,BAGAC BATAAN,BALANGA BATAAN
PHL,DULAG LEYTE,DULAG LEYTE
PHL,DULAS LEYTE,DULAG LEYTE
PHL,POTOTAN ILOILO,POTOTAN ILOILO
PHL,OTON ILOILO,POTOTAN ILOILO
PHL,TARLAC TARLAC,TARLAC TARLAC
PHL,TARLAC TLC,TARLAC TARLAC
PHL,SILAY CITY,SILAY CITY
PHL,SIPALAY CITY,SILAY CITY
PHL,DIONISIO ILOILO,DIONISIO ILOILO
PHL,SAN DIONISIO ILOILO,DIONISIO ILOILO
PHL,LUTAYAN S KUD,LUTAYAN S KUD
PHL,LUTAYAN S KUDARAT,LUTAYAN S KUD
PHL,ALICIA BOHOL,ALICIA BOHOL
PHL,VALENCIA BOHOL,ALICIA BOHOL
PHL,BAAO CAM SUR,BAAO CAM SUR
PHL,BATO CAM SUR,BAAO CAM SUR
PHL,SN MARIANO ISABELA,SN MARIANO ISABELA
PHL,SAN MARIANO ISA,SN MARIANO ISABELA
PHL,CALABANGA CAM S,CALABANGA CAM S
PHL,CALAOANGA CAM S,CALABANGA CAM S
PHL,PINAMALAYAN MDO,PINAMALAYAN MDO
PHL,PINAMALAYAN OR MDD,PINAMALAYAN MDO
PHL,TUGUEGARAO CAG,TUGUEGARAO CAG
PHL,TUGUEGARAO CAGAYAN,TUGUEGARAO CAG
PHL,BAYOMBONG N VIZ,BAYOMBONG N VIZ
PHL,BAMBANG N VIZ,BAYOMBONG N VIZ
PHL,OZAMIZ CITY,OZAMIZ CITY
PHL,OZAMIS CITY,OZAMIZ CITY
PHL,TAYTAY RIZAL,TAYTAY RIZAL
PHL,TANAY RIZAL,TAYTAY RIZAL
PHL,ILIGAN CITY,ILIGAN CITY
PHL,IRIGA CITY,ILIGAN CITY
PHL,ISULAN S KUDARAT,ISULAN S KUDARAT
PHL,ISULAN S KUD,ISULAN S KUDARAT
PHL,BATAC ILOCOS N,BATAC ILOCOS N
PHL,BADOC ILOCOS N,BATAC ILOCOS N
PHL,BATAC ILS NO,BATAC ILOCOS N
PHL,BANNA ILOCOS N,BATAC ILOCOS N
PHL,BATAC ILOCOS NORTE,BATAC ILOCOS N
PHL,BANISILAN COTABATO,BANISILAN COTABATO
PHL,BANISTAN COTABATO,BANISILAN COTABATO
PHL,ULUTANGA ZAM DS,ULUTANGA ZAM DS
PHL,OLUTANGA ZAM DS,ULUTANGA ZAM DS
PHL,CALUBIAN LEYTE,CALUBIAN LEYTE
PHL,CAIBIRAN LEYTE,CALUBIAN LEYTE
PHL,STA MARIA BUL,STA MARIA BUL
PHL,STA MARIA BULACAN,STA MARIA BUL
PHL,BAGUIO CITY,BAGUIO CITY
PHL,BAGO CITY,BAGUIO CITY
PHL,N LUCENA ILOILO,N LUCENA ILOILO
PHL,NEW LUCENA ILOILO,N LUCENA ILOILO
PHL,LUCENA ILOILO,N LUCENA ILOILO
PHL,SANCHEZ MIRA CAG,SANCHEZ MIRA CAG
PHL,SANCHEZ MIRA CAGE,SANCHEZ MIRA CAG
PHL,DILASAG AURORA,DILASAG AURORA
PHL,DILABAG AURORA,DILASAG AURORA
PHL,MANAPLA NEG OC,MANAPLA NEG OC
PHL,MANAPLA N OC,MANAPLA NEG OC
PHL,BULA CAM SUR,BULA CAM SUR
PHL,NABUA CAM SUR,BULA CAM SUR
PHL,CABAGAN ISABELA,CABAGAN ISABELA
PHL,CAUAYAN ISABELA,CABAGAN ISABELA
PHL,CABATUAN ISABELA,CABAGAN ISABELA
PHL,ALLANERA N ECIJA,ALLANERA N ECIJA
PHL,LLANERA N ECIJA,ALLANERA N ECIJA
PHL,TALAVERA N ECIJA,ALLANERA N ECIJA
PHL,LLAMERA N ECIJA,ALLANERA N ECIJA
PHL,KIDAPAWAN NO COT,KIDAPAWAN NO COT
PHL,KIDAPAWAN COT,KIDAPAWAN NO COT
PHL,KIDAPAWAN NO CO,KIDAPAWAN NO COT
PHL,BISLIG SGO DS,BISLIG SGO DS
PHL,BISLIG SURIGAO DS,BISLIG SGO DS
PHL,CALOOCAN CITY,CALOOCAN CITY
PHL,KALOOKAN CITY,CALOOCAN CITY
PHL,DUMAGUETE CITY,DUMAGUETE CITY
PHL,DUMAGUETE CITY N OR,DUMAGUETE CITY
PHL,SAN FERNANDO PMP,SAN FERNANDO PMP
PHL,SAN FERNANDO PAMP,SAN FERNANDO PMP
PHL,PIGCAWAYAN COT,PIGCAWAYAN COT
PHL,PIGKAWAYAN COT,PIGCAWAYAN COT
PHL,CUYAPO N ECIJA,CUYAPO N ECIJA
PHL,CUYAPO NUEVA ECIJA,CUYAPO N ECIJA
PHL,TANAUAN BATANGAS,TANAUAN BATANGAS
PHL,BAUAN BATANGAS,TANAUAN BATANGAS
PHL,SAN JUAN BATANGAS,TANAUAN BATANGAS
PHL,DINALUPIHAN BTN,DINALUPIHAN BTN
PHL,DINALUPIHAN BATAAN,DINALUPIHAN BTN
PHL,DANALUPIHAN BATAAN,DINALUPIHAN BTN
PHL,JUBAN SORSOGON,JUBAN SORSOGON
PHL,BULAN SORSOGON,JUBAN SORSOGON
PHL,BACON SORSOGON,JUBAN SORSOGON
PHL,GUBAT SORSOGON,JUBAN SORSOGON
PHL,SAN ANTONIO NE,SAN ANTONIO NE
PHL,SAN ANTONIO QZN,SAN ANTONIO NE
PHL,SAN LUIS PAMPANGA,SAN LUIS PAMPANGA
PHL,SN LUIS PAMPANGA,SAN LUIS PAMPANGA
PHL,NABUNTURAN DAVAG,NABUNTURAN DAVAG
PHL,NABUNTURAN DAVAO,NABUNTURAN DAVAG
PHL,S CARLOS CTY PGN,S CARLOS CTY PGN
PHL,S CARLOS CITY NEG,S CARLOS CTY PGN
PHL,SIPALAY NEG OC,SIPALAY NEG OC
PHL,SAGAY NEG OC,SIPALAY NEG OC
PHL,SIPALAY N OC,SIPALAY NEG OC
PHL,SILAY NEG OC,SIPALAY NEG OC
PHL,CARMEN DAVAO,CARMEN DAVAO
PHL,CARMEN DVO,CARMEN DAVAO
PHL,LAGUINDINGAN MO,LAGUINDINGAN MO
PHL,LAGUINDINGAN M O,LAGUINDINGAN MO
PHL,TABOGON CEBU,TABOGON CEBU
PHL,BOGO CEBU,TABOGON CEBU
PHL,BANGAR LA UNION,BANGAR LA UNION
PHL,BAUANG LA UNION,BANGAR LA UNION
PHL,SURIGAO CITY,SURIGAO CITY
PHL,SURIGAO SITY,SURIGAO CITY
PHL,LAPU-LAPU CITY,LAPU-LAPU CITY
PHL,LAPU LAPU CITY,LAPU-LAPU CITY
PHL,NEW BATAAN DVO,NEW BATAAN DVO
PHL,NEW BATAAN DAVAD,NEW BATAAN DVO
PHL,NEW BATAAN DAVAO,NEW BATAAN DVO
PHL,NEW BATA DAVAO,NEW BATAAN DVO
PHL,NEW BATAAN DDN,NEW BATAAN DVO
PHL,AMULUNG CAGAYAN,AMULUNG CAGAYAN
PHL,ABULUG CAGAYAN,AMULUNG CAGAYAN
PHL,MAWAB DAVAO,MAWAB DAVAO
PHL,MAWAB DVO,MAWAB DAVAO
PHL,TAGUM CITY,TAGUM CITY
PHL,TANGUB CITY,TAGUM CITY
PHL,TAGUIG CITY,TAGUM CITY
PHL,BALATAN CAM SUR,BALATAN CAM SUR
PHL,BALUTAN CAM SUR,BALATAN CAM SUR
PHL,LANTAPAN BKN,LANTAPAN BKN
PHL,LANTAPAN BKN A,LANTAPAN BKN
PHL,BANI PANGASINAN,BANI PANGASINAN
PHL,ANDA PANGASINAN,BANI PANGASINAN
PHL,AGNO PANGASINAN,BANI PANGASINAN
PHL,BANGA S COTABATO,BANGA S COTABATO
PHL,BANGA SO COTABATO,BANGA S COTABATO
PHL,BAYUGAN ADS,BAYUGAN ADS
PHL,BAYUCAN ADS,BAYUGAN ADS
PHL,CONCEPCION TLC,CONCEPCION TLC
PHL,CONCEPCION ILO,CONCEPCION TLC
PHL,CONCEPCION TARLAC,CONCEPCION TLC
PHL,GAPAN N ECIJA,GAPAN N ECIJA
PHL,GAPAN NECIJA,GAPAN N ECIJA
PHL,GAPAN NUEVA ECIJA,GAPAN N ECIJA
PHL,KALIBO AKLAN,KALIBO AKLAN
PHL,KALIBO KLAN,KALIBO AKLAN
PHL,STO TOMAS PGN,STO TOMAS PGN
PHL,STO TOMAS PMP,STO TOMAS PGN
PHL,HINIGARAN NEG OC,HINIGARAN NEG OC
PHL,HINIGARAN N OC,HINIGARAN NEG OC
PHL,BAROBO SDS,BAROBO SDS
PHL,BAROBO SGO DS,BAROBO SDS
PHL,CATEEL DVO OR,CATEEL DVO OR
PHL,CATEEL DAVAO OR,CATEEL DVO OR
PHL,VALENCIA BKN,VALENCIA BKN
PHL,VALECIA BKN,VALENCIA BKN
PHL,MINGLANILA CEBU,MINGLANILA CEBU
PHL,MINGLANILLA CEBU,MINGLANILA CEBU
PHL,LAPU LAPU CEBU,LAPU LAPU CEBU
PHL,LAPULAPU CEBU,LAPU LAPU CEBU
PHL,LAPU-LAPU CEBU,LAPU LAPU CEBU
PHL,BANTAYAN CEBU,BANTAYAN CEBU
PHL,DAANBANTAYAN CEBU,BANTAYAN CEBU
PHL,MALANGAS ZAM DS,MALANGAS ZAM DS
PHL,MALANGAS ZAM SB,MALANGAS ZAM DS
PHL,MALINAO AKLAN,MALINAO AKLAN
PHL,MALINAO ALBAY,MALINAO AKLAN
PHL,S FERNANDO CAM S,S FERNANDO CAM S
PHL,S FERNANDO CAM,S FERNANDO CAM S
PHL,COMPOSTELA DVO,COMPOSTELA DVO
PHL,COMPOSTELA DAVAO,COMPOSTELA DVO
PHL,LADANG NO SAMAR,LADANG NO SAMAR
PHL,LAOANG NO SAMAR,LADANG NO SAMAR
PHL,P PRINCESA CITY,P PRINCESA CITY
PHL,P PRINCE CITY,P PRINCESA CITY
PHL,PUERTO PRINCESA CITY,P PRINCESA CITY
PHL,SULOP DVO DS,SULOP DVO DS
PHL,SULOP DAVAO DS,SULOP DVO DS
PHL,MONKAYO DVO DN,MONKAYO DVO DN
PHL,MONKAYO DVO,MONKAYO DVO DN
PHL,APARRI CAGAYAN,APARRI CAGAYAN
PHL,APPARI CAGAYAN,APARRI CAGAYAN
PHL,APARRI AGAYAN,APARRI CAGAYAN
PHL,MUNOZ N ECIJA,MUNOZ N ECIJA
PHL,MUNOZ NUEVA ECIJA,MUNOZ N ECIJA
PHL,TULUNAN NO COT,TULUNAN NO COT
PHL,TULUNAN COT,TULUNAN NO COT
PHL,TULUNAN NO COTABATO,TULUNAN NO COT
PHL,DUPAX DN N VIZ,DUPAX DN N VIZ
PHL,DUPAX DS N VIZ,DUPAX DN N VIZ
PHL,DUPAK DN N VIZ,DUPAX DN N VIZ
PHL,DUPA DN N VIZ,DUPAX DN N VIZ
PHL,DUPAX N VIZ,DUPAX DN N VIZ
PHL,POLOMOLOK SO COT,POLOMOLOK SO COT
PHL,POLOMOLON SO COT,POLOMOLOK SO COT
PHL,CAG DE ORO CITY,CAG DE ORO CITY
PHL,CAC DE ORO CITY,CAG DE ORO CITY
PHL,DARAM SAMAR,DARAM SAMAR
PHL,DARAM W SAMAR,DARAM SAMAR
PHL,SAN MATEO ISA,SAN MATEO ISA
PHL,SAN MATEO RIZAL,SAN MATEO ISA
PHL,SAN MATEO ISABELA,SAN MATEO ISA
PHL,CANDELARIA ZBS,CANDELARIA ZBS
PHL,CANDELARIA QZN,CANDELARIA ZBS
PHL,CANDONI NEG OC,CANDONI NEG OC
PHL,CADIZ NEG OC,CANDONI NEG OC
PHL,SIBUCO ZAM DN,SIBUCO ZAM DN
PHL,SIOCON ZAM DN,SIBUCO ZAM DN
PHL,SIAY ZAM DS,SIAY ZAM DS
PHL,TITAY ZAM DS,SIAY ZAM DS
PHL,NAGUILIAN ISABELA,NAGUILIAN ISABELA
PHL,NAGUILIAN ISA,NAGUILIAN ISABELA
PHL,FLORA K APAYAO,FLORA K APAYAO
PHL,FLORA APAYAO,FLORA K APAYAO
PHL,SN FRANCISCO ADS,SN FRANCISCO ADS
PHL,SAN FRANCISCO ADS,SN FRANCISCO ADS
PHL,KORONADAL COT,KORONADAL COT
PHL,KORONADAL SO COT,KORONADAL COT
PHL,SAN FERNANDO BKN,SAN FERNANDO BKN
PHL,SAN FERNANDO RBN,SAN FERNANDO BKN
PHL,DUMALINAO ZAM DS,DUMALINAO ZAM DS
PHL,DUMAI INAO ZAM DS,DUMALINAO ZAM DS
PHL,STO TOMAS BTS,STO TOMAS BTS
PHL,STO TOMAS ISA,STO TOMAS BTS
PHL,TAGUIG MM,TAGUIG MM
PHL,TAGIG MM,TAGUIG MM
PHL,DATU SINSUAT MGD,DATU SINSUAT MGD
PHL,DATU SINSUAT MGDE,DATU SINSUAT MGD
PHL,DATU SINSUAT MC,DATU SINSUAT MGD
PHL,DO SINSUAT MGD,DATU SINSUAT MGD
PHL,SAN MIGUEL BOHOL,SAN MIGUEL BOHOL
PHL,SAN MIGUEL BUL,SAN MIGUEL BOHOL
PHL,MONKAYO DAVAO,MONKAYO DAVAO
PHL,MONKAYO DAVAO YER,MONKAYO DAVAO
PHL,STA CATALINA NEG,STA CATALINA NEG
PHL,STA CATALINA N OR,STA CATALINA NEG
PHL,MARIA NEG OR,MARIA NEG OR
PHL,MABINAY NEG OR,MARIA NEG OR
PHL,HINUNANGAN S LTE,HINUNANGAN S LTE
PHL,HINUNDAYAN S LTE,HINUNANGAN S LTE
PHL,DIADI N VIZCAYA,DIADI N VIZCAYA
PHL,DIADI N VIZ,DIADI N VIZCAYA
PHL,LAUR NUEVA ECIJA,LAUR NUEVA ECIJA
PHL,LICAB NUEVA ECIJA,LAUR NUEVA ECIJA
PHL,PINAMUNGAJAN CEBU,PINAMUNGAJAN CEBU
PHL,PINAUNGAN CEBU,PINAMUNGAJAN CEBU
PHL,TIHAMBAC CAM SUR,TIHAMBAC CAM SUR
PHL,TINAMBAC CAM SUR,TIHAMBAC CAM SUR
PHL,LAS NIEVES ADN,LAS NIEVES ADN
PHL,LAS NIEVES AD,LAS NIEVES ADN
PHL,S BENEDICTO N OC,S BENEDICTO N OC
PHL,S BENEDICTON OC,S BENEDICTO N OC
PHL,SAN ENRIQUE LOTIO,SAN ENRIQUE LOTIO
PHL,S ENRIQUE ILOILO,SAN ENRIQUE LOTIO
PHL,SAN ENRIQUE ILOILO,SAN ENRIQUE LOTIO
PHL,LAUA AN ANTIQUE,LAUA AN ANTIQUE
PHL,LAUA-AN ANTIQUE,LAUA AN ANTIQUE
PHL,TALUGTOG N ECIJA,TALUGTOG N ECIJA
PHL,TALUGTUG N ECIJA,TALUGTOG N ECIJA
PHL,LA CARLOTA N OC,LA CARLOTA N OC
PHL,LA CARLOTA NEG OCC,LA CARLOTA N OC
PHL,CALATRAVA NEG OC,CALATRAVA NEG OC
PHL,CALATRAVA NEG OCC,CALATRAVA NEG OC
PHL,CALATRAVA N OC,CALATRAVA NEG OC
PHL,ALANINOS LAGUNA,ALANINOS LAGUNA
PHL,ALAMINOS LAGUNA,ALANINOS LAGUNA
PHL,PONTEVEDRA NEG OC,PONTEVEDRA NEG OC
PHL,PONTEVEDRA N OC,PONTEVEDRA NEG OC
PHL,PONTEVEDRA NEG,PONTEVEDRA NEG OC
PHL,ALLACAPAN CAG,ALLACAPAN CAG
PHL,ALLACAPAN CAGAYAN,ALLACAPAN CAG
PHL,PINIZ ILOCOS N,PINIZ ILOCOS N
PHL,PINILI ILOCOS N,PINIZ ILOCOS N
PHL,BALIUAG BULACAN,BALIUAG BULACAN
PHL,BALTUAG BULACAN,BALIUAG BULACAN
PHL,BALIWAG BULACAN,BALIUAG BULACAN
PHL,MAKILALA COTABATO,MAKILALA COTABATO
PHL,MATALAM COTABATO,MAKILALA COTABATO
PHL,MAGSAYSAY DVO DS,MAGSAYSAY DVO DS
PHL,MAGSAYSAY DAVAO DS,MAGSAYSAY DVO DS
PHL,PLACER SGO DN,PLACER SGO DN
PHL,CLAVER SGO DN,PLACER SGO DN
PHL,PLACER SGO ON,PLACER SGO DN
PHL,BAUTISTA PGN,BAUTISTA PGN
PHL,BASISTA PGN,BAUTISTA PGN
PHL,HAGONOY DAVAO DS,HAGONOY DAVAO DS
PHL,HAGONOY DVO DS,HAGONOY DAVAO DS
PHL,MLANG NO COT,MLANG NO COT
PHL,MLANG COT,MLANG NO COT
PHL,MLANG N COT,MLANG NO COT
PHL,CALAMBA LAGUNA,CALAMBA LAGUNA
PHL,CALAUAN LAGUNA,CALAMBA LAGUNA
PHL,ARINBAY LA UNION,ARINBAY LA UNION
PHL,ARINGAY LA UNION,ARINBAY LA UNION
PHL,ESPERANZA S KUD,ESPERANZA S KUD
PHL,ESPERANZAS KUD,ESPERANZA S KUD
PHL,MANDAUE CITY,MANDAUE CITY
PHL,MANDAUF CITY,MANDAUE CITY
PHL,SND LANAO DN,SND LANAO DN
PHL,SAPAD LANAO DN,SND LANAO DN
PHL,DATU PAGLAS MGD,DATU PAGLAS MGD
PHL,DATU PAGLAS MD,DATU PAGLAS MGD
PHL,AGLIPAY QUIRINO,AGLIPAY QUIRINO
PHL,AGLIBAY QUIRINO,AGLIPAY QUIRINO
PHL,JA SANTOS DVO DS,JA SANTOS DVO DS
PHL,JA SANTOS DAVAO DS,JA SANTOS DVO DS
PHL,LEBAK S KUDARAT,LEBAK S KUDARAT
PHL,LEBAK S KUD,LEBAK S KUDARAT
PHL,NAAWAN MIS OR,NAAWAN MIS OR
PHL,JASAAN MIS OR,NAAWAN MIS OR
PHL,TULUNAN COTABATO,TULUNAN COTABATO
PHL,LIBUNGAN COTABATO,TULUNAN COTABATO
PHL,TALIPAO SLU,TALIPAO SLU
PHL,TALIPAO SULU,TALIPAO SLU
PHL,VICTORIA OR MDO,VICTORIA OR MDO
PHL,VICTORIA OR MOO,VICTORIA OR MDO
PHL,BUENAVISTA ADN,BUENAVISTA ADN
PHL,BUENAVISTA QZN,BUENAVISTA ADN
PHL,MINALABAC CAM SUR,MINALABAC CAM SUR
PHL,MINALABAC CAM S,MINALABAC CAM SUR
PHL,OROQUIETA CITY,OROQUIETA CITY
PHL,OROQUETA CITY,OROQUIETA CITY
PHL,DAPA SURIGAO DN,DAPA SURIGAO DN
PHL,DAPA SGO DN,DAPA SURIGAO DN
PHL,SAN CARLOS CITY NEG,SAN CARLOS CITY NEG
PHL,SAN CARLOS CITY,SAN CARLOS CITY NEG
PHL,BAGULIN LA UNION,BAGULIN LA UNION
PHL,NAGUILIAN LA UNION,BAGULIN LA UNION
PHL,ANGADANAN ISA,ANGADANAN ISA
PHL,ANGADANAN ISABELA,ANGADANAN ISA
PHL,S BARBARA ILOILO,S BARBARA ILOILO
PHL,STA BARBARA ILOILO,S BARBARA ILOILO
PHL,BACUJAG SGO DN,BACUJAG SGO DN
PHL,BACUAG SGO DN,BACUJAG SGO DN
PHL,IRIGA CAM SUR,IRIGA CAM SUR
PHL,RAGAY CAM SUR,IRIGA CAM SUR
PHL,ALMERIA LEYTE,ALMERIA LEYTE
PHL,MERIDA LEYTE,ALMERIA LEYTE
PHL,ALBUERA LEYTE,ALMERIA LEYTE
PHL,LEGAZPI CITY,LEGAZPI CITY
PHL,LEGASPI CITY,LEGAZPI CITY
PHL,PENABLANCA CAGAYAN,PENABLANCA CAGAYAN
PHL,PENABLANCA CAG,PENABLANCA CAGAYAN
PHL,MIDSAYAP COTABATO,MIDSAYAP COTABATO
PHL,MIUSAYAP COTABATO,MIDSAYAP COTABATO
PHL,RIZAL N ECIJA,RIZAL N ECIJA
PHL,RIZAL NUEVA ECIJA,RIZAL N ECIJA
PHL,ARAYAT PAMPANGA,ARAYAT PAMPANGA
PHL,RAYAT PAMPANGA,ARAYAT PAMPANGA
PHL,DUMANGAS ILOILO,DUMANGAS ILOILO
PHL,DUENAS ILOILO,DUMANGAS ILOILO
PHL,DUMALAG CAPIZ,DUMALAG CAPIZ
PHL,DUMARAO CAPIZ,DUMALAG CAPIZ
PHL,TINGLAYAN KALINGA,TINGLAYAN KALINGA
PHL,TINGLAYAN KGA,TINGLAYAN KALINGA
PHL,MAITUM SARANGANI,MAITUM SARANGANI
PHL,MAASIM SARANGANI,MAITUM SARANGANI
PHL,GUIUAN E SAMAR,GUIUAN E SAMAR
PHL,GUTUAN E SAMAR,GUIUAN E SAMAR
PHL,SAGUDAY QUIRING,SAGUDAY QUIRING
PHL,SAGUDAY QUIRINO,SAGUDAY QUIRING
PHL,SAN RAFAEL BUL,SAN RAFAEL BUL
PHL,SAN RAFAEL BULACAN,SAN RAFAEL BUL
PHL,STA FE N VIZ,STA FE N VIZ
PHL,STA FEN VIZ,STA FE N VIZ
PHL,MAITUM SO COT,MAITUM SO COT
PHL,MAASIM SO COT,MAITUM SO COT
PHL,SAN NARCISO QZN,SAN NARCISO QZN
PHL,SAN MARCISO QZN,SAN NARCISO QZN
PHL,SAN NARCISO ZBS,SAN NARCISO QZN
PHL,SILANG CAVITE,SILANG CAVITE
PHL,INDANG CAVITE,SILANG CAVITE
PHL,BARAS CATANDUANES,BARAS CATANDUANES
PHL,BATO CATANDUANES,BARAS CATANDUANES
PHL,MALALAG DVO DS,MALALAG DVO DS
PHL,MALALAG DAVAO DS,MALALAG DVO DS
PHL,MAUBAN QUEZON,MAUBAN QUEZON
PHL,LUCBAN QUEZON,MAUBAN QUEZON
PHL,BUENAVISTA ILOILO,BUENAVISTA ILOILO
PHL,BUENAVISTA ILO,BUENAVISTA ILOILO
PHL,IBAAN BATANGAS,IBAAN BATANGAS
PHL,LIAN BATANGAS,IBAAN BATANGAS
PHL,BALAYAN BATANGAS,IBAAN BATANGAS
PHL,CABIAO NUEVA ECIJA,CABIAO NUEVA ECIJA
PHL,CABIAO N ECIJA,CABIAO NUEVA ECIJA
PHL,SN ILDEFONSO BUL,SN ILDEFONSO BUL
PHL,SAN ILDEFONSO BUL,SN ILDEFONSO BUL
PHL,MIDSAYAP NO COT,MIDSAYAP NO COT
PHL,HIDSAYAP NO COT,MIDSAYAP NO COT
PHL,GUIHULNGAN NEG,GUIHULNGAN NEG
PHL,GUIHULNGAN NEG OR,GUIHULNGAN NEG
PHL,ARITAO N VIZ,ARITAO N VIZ
PHL,ARITAO N VIZCAYA,ARITAO N VIZ
PHL,CARANGAN CAM SUR,CARANGAN CAM SUR
PHL,CARAMOAN CAM SUR,CARANGAN CAM SUR
PHL,BAY LAGUNA,BAY LAGUNA
PHL,FAMY LAGUNA,BAY LAGUNA
PHL,STA ANA PAMPANGA,STA ANA PAMPANGA
PHL,STA RITA PAMPANGA,STA ANA PAMPANGA
PHL,SAN MIGUEL SDS,SAN MIGUEL SDS
PHL,SN MIGUEL SGO DS,SAN MIGUEL SDS
PHL,SAN MIGUEL SGO DS,SAN MIGUEL SDS
PHL,MALITA DVO DS,MALITA DVO DS
PHL,MALITA DDS,MALITA DVO DS
PHL,ROSALES PGN,ROSALES PGN
PHL,ROSALES BGN,ROSALES PGN
PHL,ALCANTARA ROMBLON,ALCANTARA ROMBLON
PHL,ALCANTARA RBN,ALCANTARA ROMBLON
PHL,S MAGDALENA SSG,S MAGDALENA SSG
PHL,MAGDALENA SSG,S MAGDALENA SSG
PHL,LINGIG SGO DS,LINGIG SGO DS
PHL,LIANGA SGO DS,LINGIG SGO DS
PHL,TAAL BATANGAS,TAAL BATANGAS
PHL,TAYSAN BATANGAS,TAAL BATANGAS
PHL,QUEZON N ECIJA,QUEZON N ECIJA
PHL,QUEZON NUEVA ECIJA,QUEZON N ECIJA
PHL,CALAPAN OR MDO,CALAPAN OR MDO
PHL,CALAPAN OR MDOD,CALAPAN OR MDO
PHL,S BULLONES BOHOL,S BULLONES BOHOL
PHL,S-BULLONES BOHOL,S BULLONES BOHOL
PHL,CANTILAN SGO DS,CANTILAN SGO DS
PHL,CANTILAN SDS,CANTILAN SGO DS
PHL,MIAGAO ILOILO,MIAGAO ILOILO
PHL,MIAGAG ILOILO,MIAGAO ILOILO
PHL,SAN ISIDRO ISABELA,SAN ISIDRO ISABELA
PHL,SAN ISIDRO ISA,SAN ISIDRO ISABELA
PHL,SAN ISIDRO ABRA,SAN ISIDRO ISABELA
PHL,MANAY DVAO OR,MANAY DVAO OR
PHL,MANAY DVO OR,MANAY DVAO OR
PHL,MANAY DVD OR,MANAY DVAO OR
PHL,PILA LAGUNA,PILA LAGUNA
PHL,PAKIL LAGUNA,PILA LAGUNA
PHL,MORONG BATAAN,MORONG BATAAN
PHL,ORION BATAAN,MORONG BATAAN
PHL,JAGNA BOHOL,JAGNA BOHOL
PHL,ANDA BOHOL,JAGNA BOHOL
PHL,D MARCELINO DDS,D MARCELINO DDS
PHL,D MARCELINO DVO DS,D MARCELINO DDS
PHL,PANABO DAVAO,PANABO DAVAO
PHL,PANABO DVO,PANABO DAVAO
PHL,LUBA ABRA,LUBA ABRA
PHL,LOBA ABRA,LUBA ABRA
PHL,TUPI S COTABATO,TUPI S COTABATO
PHL,TUPI SOUTH COTABATO,TUPI S COTABATO
PHL,POLANCO ZAM DN,POLANCO ZAM DN
PHL,POLANCO ZDN,POLANCO ZAM DN
PHL,PIKIT NO COT,PIKIT NO COT
PHL,PIKIT COT,PIKIT NO COT
PHL,PILAR BOHOL,PILAR BOHOL
PHL,LILA BOHOL,PILAR BOHOL
PHL,BILAR BOHOL,PILAR BOHOL
PHL,GEN TINIO,GEN TINIO
PHL,GEN TINIO NE,GEN TINIO
PHL,GOA CAM SUR,GOA CAM SUR
PHL,NAGA CAM SUR,GOA CAM SUR
PHL,SAGRAY CAM SUR,SAGRAY CAM SUR
PHL,SAGNAY CAM SUR,SAGRAY CAM SUR
PHL,PANTABANGAN NE,PANTABANGAN NE
PHL,PANTABANGAN NEPA,PANTABANGAN NE
PHL,CLAVERIA CAGAYA,CLAVERIA CAGAYA
PHL,CLAVERIA CAGAYAN,CLAVERIA CAGAYA
PHL,CATBALOGAN SAMAR,CATBALOGAN SAMAR
PHL,CATBALOGAN W SMR,CATBALOGAN SAMAR
PHL,CULION PALAWAN,CULION PALAWAN
PHL,CUYO PALAWAN,CULION PALAWAN
PHL,MAGALLANES CAV,MAGALLANES CAV
PHL,MAGALLANES ADN,MAGALLANES CAV
PHL,CAG DE ORO MS OR,CAG DE ORO MS OR
PHL,CAG DE ORO MIS OR,CAG DE ORO MS OR
PHL,PALUAN OC MDO,PALUAN OC MDO
PHL,LUBANG OC MDO,PALUAN OC MDO
PHL,SN ISIDRO NO SMR,SN ISIDRO NO SMR
PHL,SAN ISIDRO NO SMR,SN ISIDRO NO SMR
PHL,NAUJAN OR MDO,NAUJAN OR MDO
PHL,NAJUAN OR MDO,NAUJAN OR MDO
PHL,CALANASAN K APAYAO,CALANASAN K APAYAO
PHL,CALANASAN K APO,CALANASAN K APAYAO
PHL,PULUPANDAN N OC,PULUPANDAN N OC
PHL,PULUPANDANN OC,PULUPANDAN N OC
PHL,MAKILALA NO COT,MAKILALA NO COT
PHL,MAKILALA COT,MAKILALA NO COT
PHL,NORZAGARAY BUL,NORZAGARAY BUL
PHL,NORZAGARAY BULACAN,NORZAGARAY BUL
PHL,PATNONGON ATQ,PATNONGON ATQ
PHL,PATMONGON ATQ,PATNONGON ATQ
PHL,ALAMADA NO COT,ALAMADA NO COT
PHL,ALAMADA N COT,ALAMADA NO COT
PHL,STA CATALINA IS,STA CATALINA IS
PHL,STA CATALINA I S,STA CATALINA IS
PHL,KABACAN NO COT,KABACAN NO COT
PHL,KABACAN COT,KABACAN NO COT
PHL,QUINAPONDAN ESMR,QUINAPONDAN ESMR
PHL,QUINAPUNDAN ESMR,QUINAPONDAN ESMR
PHL,LIBUNGAN NO COT,LIBUNGAN NO COT
PHL,LIBUNGAN COT,LIBUNGAN NO COT
PHL,BALBALAN K APAYAO,BALBALAN K APAYAO
PHL,BALBALAN K APO,BALBALAN K APAYAO
UGA,KALUNGU,KALUNGU
UGA,KANUNGU,KALUNGU
UGA,LUWEERO,LUWEERO
UGA,LUWERO,LUWEERO
UGA,KABAROLE,KABAROLE
UGA,KABALE,KABAROLE
UGA,IBANDA,IBANDA
UGA,BANDA,IBANDA
UGA,KYODERA,KYODERA
UGA,KYOTERA,KYODERA
